cap,count,freq,post_p
00,15,0.009259259259259259,0.00934065934065934
01,8,0.0049382716049382715,0.005494505494505495
02,16,0.009876543209876543,0.00989010989010989
03,14,0.008641975308641974,0.008791208791208791
04,18,0.011111111111111112,0.01098901098901099
05,7,0.004320987654320987,0.004945054945054945
06,17,0.010493827160493827,0.010439560439560439
07,15,0.009259259259259259,0.00934065934065934
08,16,0.009876543209876543,0.00989010989010989
09,17,0.010493827160493827,0.010439560439560439
10,12,0.007407407407407408,0.007692307692307693
11,19,0.011728395061728396,0.011538461538461539
12,12,0.007407407407407408,0.007692307692307693
13,14,0.008641975308641974,0.008791208791208791
14,18,0.011111111111111112,0.01098901098901099
15,14,0.008641975308641974,0.008791208791208791
16,14,0.008641975308641974,0.008791208791208791
17,18,0.011111111111111112,0.01098901098901099
18,14,0.008641975308641974,0.008791208791208791
19,19,0.011728395061728396,0.011538461538461539
20,17,0.010493827160493827,0.010439560439560439
21,16,0.009876543209876543,0.00989010989010989
22,21,0.012962962962962963,0.012637362637362638
23,10,0.006172839506172839,0.006593406593406593
24,16,0.009876543209876543,0.00989010989010989
25,6,0.003703703703703704,0.004395604395604396
26,15,0.009259259259259259,0.00934065934065934
27,16,0.009876543209876543,0.00989010989010989
28,12,0.007407407407407408,0.007692307692307693
29,14,0.008641975308641974,0.008791208791208791
30,11,0.006790123456790123,0.007142857142857143
31,14,0.008641975308641974,0.008791208791208791
32,19,0.011728395061728396,0.011538461538461539
33,28,0.01728395061728395,0.016483516483516484
34,29,0.017901234567901235,0.01703296703296703
35,24,0.014814814814814815,0.014285714285714285
36,14,0.008641975308641974,0.008791208791208791
37,19,0.011728395061728396,0.011538461538461539
38,22,0.013580246913580247,0.013186813186813187
39,18,0.011111111111111112,0.01098901098901099
40,19,0.011728395061728396,0.011538461538461539
41,13,0.008024691358024692,0.008241758241758242
42,9,0.005555555555555556,0.006043956043956044
43,20,0.012345679012345678,0.012087912087912088
44,23,0.014197530864197531,0.013736263736263736
45,16,0.009876543209876543,0.00989010989010989
46,20,0.012345679012345678,0.012087912087912088
47,13,0.008024691358024692,0.008241758241758242
48,26,0.016049382716049384,0.015384615384615385
49,16,0.009876543209876543,0.00989010989010989
50,16,0.009876543209876543,0.00989010989010989
51,23,0.014197530864197531,0.013736263736263736
52,19,0.011728395061728396,0.011538461538461539
53,16,0.009876543209876543,0.00989010989010989
54,17,0.010493827160493827,0.010439560439560439
55,15,0.009259259259259259,0.00934065934065934
56,12,0.007407407407407408,0.007692307692307693
57,12,0.007407407407407408,0.007692307692307693
58,6,0.003703703703703704,0.004395604395604396
59,11,0.006790123456790123,0.007142857142857143
60,14,0.008641975308641974,0.008791208791208791
61,14,0.008641975308641974,0.008791208791208791
62,18,0.011111111111111112,0.01098901098901099
63,15,0.009259259259259259,0.00934065934065934
64,23,0.014197530864197531,0.013736263736263736
65,13,0.008024691358024692,0.008241758241758242
66,14,0.008641975308641974,0.008791208791208791
67,18,0.011111111111111112,0.01098901098901099
68,16,0.009876543209876543,0.00989010989010989
69,13,0.008024691358024692,0.008241758241758242
70,22,0.013580246913580247,0.013186813186813187
71,15,0.009259259259259259,0.00934065934065934
72,19,0.011728395061728396,0.011538461538461539
73,16,0.009876543209876543,0.00989010989010989
74,14,0.008641975308641974,0.008791208791208791
75,18,0.011111111111111112,0.01098901098901099
76,15,0.009259259259259259,0.00934065934065934
77,20,0.012345679012345678,0.012087912087912088
78,10,0.006172839506172839,0.006593406593406593
79,15,0.009259259259259259,0.00934065934065934
80,15,0.009259259259259259,0.00934065934065934
81,14,0.008641975308641974,0.008791208791208791
82,13,0.008024691358024692,0.008241758241758242
83,16,0.009876543209876543,0.00989010989010989
84,14,0.008641975308641974,0.008791208791208791
85,17,0.010493827160493827,0.010439560439560439
86,14,0.008641975308641974,0.008791208791208791
87,15,0.009259259259259259,0.00934065934065934
88,19,0.011728395061728396,0.011538461538461539
89,17,0.010493827160493827,0.010439560439560439
90,23,0.014197530864197531,0.013736263736263736
91,11,0.006790123456790123,0.007142857142857143
92,16,0.009876543209876543,0.00989010989010989
93,27,0.016666666666666666,0.015934065934065933
94,25,0.015432098765432098,0.014835164835164835
95,12,0.007407407407407408,0.007692307692307693
96,17,0.010493827160493827,0.010439560439560439
97,19,0.011728395061728396,0.011538461538461539
98,10,0.006172839506172839,0.006593406593406593
99,24,0.014814814814814815,0.014285714285714285
